{
  "publicPath": "/dist/",
  "all": [
    "0.96444a3c4fe6961e8902.js",
    "1.eab5b3e62d3b9ced2073.js",
    "2.1511bee7cf20900bfe53.js",
    "3.0665be2c304beef8fb80.js",
    "vendor.31c949e326193c4448c9.js",
    "main.558cd8960deec3c4a8d6.js",
    "manifest.c43ecbe90c17391eabd9.js"
  ],
  "initial": [
    "manifest.c43ecbe90c17391eabd9.js",
    "vendor.31c949e326193c4448c9.js",
    "main.558cd8960deec3c4a8d6.js"
  ],
  "async": [
    "0.96444a3c4fe6961e8902.js",
    "1.eab5b3e62d3b9ced2073.js",
    "2.1511bee7cf20900bfe53.js",
    "3.0665be2c304beef8fb80.js"
  ],
  "modules": {
    "37661656": [
      4
    ],
    "7d261cbd": [
      4
    ],
    "f3782aa2": [
      4
    ],
    "43a36ce8": [
      4
    ],
    "5c23610b": [
      4
    ],
    "26db19bc": [
      4
    ],
    "b70bf37c": [
      4
    ],
    "62093a0b": [
      4
    ],
    "18e1fa7d": [
      4
    ],
    "818a38a6": [
      4
    ],
    "3bac7228": [
      4
    ],
    "f3be4b50": [
      4
    ],
    "6ef33f03": [
      4
    ],
    "5905a3ae": [
      4
    ],
    "04773b46": [
      4
    ],
    "95d407ee": [
      5
    ],
    "476c70a2": [
      5
    ],
    "e0112e7c": [
      4
    ],
    "a3216b6c": [
      4
    ],
    "149118b0": [
      4
    ],
    "1234155f": [
      4
    ],
    "04b63696": [
      4
    ],
    "665209d7": [
      4
    ],
    "c1ef9b0a": [
      4
    ],
    "09254284": [
      4
    ],
    "0d17c4de": [
      4
    ],
    "0c19c6d0": [
      4
    ],
    "25afb664": [
      4
    ],
    "3c3076dc": [
      4
    ],
    "62d96890": [
      5
    ],
    "5a6b4396": [
      4
    ],
    "f72e5c5c": [
      5
    ],
    "6265c9bc": [
      5
    ],
    "2c44f89c": [
      4
    ],
    "c42100fc": [
      4
    ],
    "a81d3e1c": [
      4
    ],
    "13607e6a": [
      5
    ],
    "84565c3e": [
      4
    ],
    "279672f7": [
      4
    ],
    "7d5a0d6a": [
      4
    ],
    "6cfb94ed": [
      4
    ],
    "29f7c22d": [
      5
    ],
    "7f7f00ee": [
      5
    ],
    "7b4aed59": [
      5
    ],
    "0d7ecdda": [
      4
    ],
    "b4287e9a": [
      4
    ],
    "76520e6a": [
      5
    ],
    "584e2d8f": [
      4
    ],
    "a31f3554": [
      5
    ],
    "5270a9f6": [
      4
    ],
    "4f013548": [
      4
    ],
    "7fb6d69f": [
      4
    ],
    "1d4080df": [
      4
    ],
    "dc71b02c": [
      4
    ],
    "218d3f7b": [
      4
    ],
    "301915ec": [
      4
    ],
    "4f3c9cce": [
      4
    ],
    "5906ee7e": [
      4
    ],
    "fab93592": [
      4
    ],
    "99a81f20": [
      4
    ],
    "4ee78d04": [
      4
    ],
    "70b1e81b": [
      4
    ],
    "58e88ffb": [
      4
    ],
    "748d55e6": [
      4
    ],
    "4ce9319a": [
      4
    ],
    "e4728f84": [
      4
    ],
    "c2a62e58": [
      4
    ],
    "64274ef8": [
      4
    ],
    "e8ff65e0": [
      4
    ],
    "7ab3e8cb": [
      4
    ],
    "65d2aa9e": [
      4
    ],
    "5ec1da70": [
      5
    ],
    "e13c3afe": [
      4
    ],
    "44a00da5": [
      3
    ],
    "97e49d00": [
      1
    ],
    "aadd0162": [
      2
    ],
    "5b5ba863": [
      0
    ],
    "33d98262": [
      3
    ],
    "0205f269": [
      3
    ],
    "63938e58": [
      1
    ],
    "b0f35524": [
      1
    ],
    "6bfadb97": [
      1
    ],
    "5dab40bd": [
      1
    ],
    "6ab7ea0e": [
      1
    ],
    "1b57819f": [
      1
    ],
    "37048cb6": [
      2
    ],
    "96ff9682": [
      2
    ],
    "8383a1de": [
      0
    ],
    "e37eabaa": [
      0
    ],
    "004e71e0": [
      0
    ],
    "3126777a": [
      0
    ],
    "a84570d6": [
      0
    ],
    "936428a2": [
      0
    ],
    "3029f88e": [
      3
    ],
    "3b8de373": [
      3
    ],
    "3f48b80c": [
      3
    ],
    "b4626b30": [
      3
    ],
    "a917cccc": [
      1
    ],
    "0538585e": [
      1
    ],
    "3f0671ce": [
      1
    ],
    "1d7759c2": [
      1
    ],
    "3c8cd4a4": [
      1
    ],
    "f880bc86": [
      1
    ],
    "2ddbf6ae": [
      1
    ],
    "8f89e7b6": [
      1
    ],
    "f2bf4c04": [
      1
    ],
    "15e4ec50": [
      1
    ],
    "e0fc976c": [
      1
    ],
    "7167f4e3": [
      1
    ],
    "4b3164b5": [
      1
    ],
    "0ddd358f": [
      1
    ],
    "19b938d4": [
      1
    ],
    "135a5504": [
      1
    ],
    "3a27578e": [
      2
    ],
    "9f1164f2": [
      2
    ],
    "f8a15d64": [
      2
    ],
    "422fc63c": [
      2
    ],
    "5edfed84": [
      0
    ],
    "4115d474": [
      0
    ],
    "d1bfe0c8": [
      0
    ],
    "cbcd0b90": [
      0
    ],
    "51c05482": [
      0
    ],
    "2bc2122d": [
      0
    ],
    "013f94df": [
      0
    ],
    "7e46e96c": [
      0
    ],
    "7ff84545": [
      0
    ],
    "301dd68c": [
      0
    ],
    "4b60567a": [
      0
    ],
    "602551ca": [
      0
    ],
    "335d5591": [
      0
    ],
    "1c446b02": [
      0
    ]
  }
}